msgid,msgstr,context,locations,comments,review_notes
"<div class=""text-muted small"">
  <p><strong>Scope Context</strong> controls how users interact with multi-company, multi-cost-center environments.</p>
  <ul>
    <li>When enabled, users see Company/Cost Center/Project/Department selectors in the top bar.</li>
    <li>List views and form defaults respect the active scope.</li>
    <li>Use the Scope Dimensions section to choose which dimensions appear in the UI.</li>
    <li>Disable this to restore default Frappe behavior without uninstalling.</li>
  </ul>
</div>","<div class=""text-muted small"">
  <p><strong>سياق النطاق</strong> يتحكم في كيفية تعامل المستخدمين مع بيئات متعددة الشركات ومراكز التكلفة.</p>
  <ul>
    <li>عند التمكين، يرى المستخدمون محددات الشركة/مركز التكلفة/المشروع/القسم في الشريط العلوي.</li>
    <li>تحترم عروض القوائم والقيم الافتراضية للنماذج النطاق النشط.</li>
    <li>استخدم قسم أبعاد النطاق لاختيار الأبعاد التي تظهر في الواجهة.</li>
    <li>عطل هذه الميزة لاستعادة سلوك Frappe الافتراضي دون إلغاء التثبيت.</li>
  </ul>
</div>",,construction/construction/doctype/construction_settings/construction_settings.json:None,Content of the 'Scope Context Settings Help' (HTML) field in DocType | 'Construction Settings',
"<p class=""text-muted"">Loading scope hierarchy...</p>","<p class=""text-muted"">جار تحميل هيكل النطاق...</p>",,construction/construction/doctype/construction_settings/construction_settings.json:None,Content of the 'Scope Hierarchy' (HTML) field in DocType 'Construction | Settings',
<span class='h4'><b>Construction ERP</b></span>,<span class='h4'><b>نظام إدارة المقاولات</b></span>,,construction/workspace/construction/construction.json:None,Header text in the Construction Workspace,
Accent Color,لون التمييز,,construction/construction/doctype/construction_theme/construction_theme.json:None,Label of the accent_color (Color) field in DocType 'Construction Theme',
Accent Primary,لون التمييز الأساسي,,construction/construction/doctype/construction_theme/construction_theme.json:None,Label of the accent_primary (Color) field in DocType 'Construction Theme',
Accent Primary Hover,لون التمييز الأساسي عند المرور,,construction/construction/doctype/construction_theme/construction_theme.json:None,Label of the accent_primary_hover (Color) field in DocType 'Construction | Theme',
Accent Secondary,لون التمييز الثانوي,,construction/construction/doctype/construction_theme/construction_theme.json:None,Label of the accent_secondary (Color) field in DocType 'Construction Theme',
Accountant,محاسب,,construction/construction/doctype/boq_header/boq_header.json:None; construction/construction/doctype/boq_item/boq_item.json:None; construction/construction/doctype/boq_structure/boq_structure.json:None,Name of a role,
Actions,إجراءات,,construction/construction/doctype/boq_header/boq_header.js:369; construction/construction/doctype/boq_header/boq_header.js:406; construction/construction/doctype/construction_theme/construction_theme.js:12,,
Active,نشط,,construction/construction/doctype/costitem/cost_item.json:None,Option for the 'Status' (Select) field in DocType 'CostItem',
Administrator,مدير النظام,,construction/construction/doctype/construction_theme/construction_theme.json:None,Name of a role,
Advance Status,حالة التقدم,,construction/construction/doctype/boq_header/boq_header.js:345,,
Advanced,متقدم,,construction/construction/doctype/construction_theme/construction_theme.json:None,Label of the advanced_tab (Tab Break) field in DocType 'Construction Theme',
All,الكل,,construction/construction/doctype/construction_theme/construction_theme.json:None; construction/construction/doctype/modern_theme_settings/modern_theme_settings.json:None; construction/construction/doctype/user_desk_theme/user_desk_theme.json:None; construction/construction/doctype/user_scope_context/user_scope_context.json:None,Name of a role,
Allow User Override,السماح بتخصيص المستخدم,,construction/construction/doctype/modern_theme_settings/modern_theme_settings.json:None,Label of the allow_user_override (Check) field in DocType 'Modern Theme | Settings',
Allow users to set their own theme preferences,السماح للمستخدمين بتعيين تفضيلات السمات الخاصة بهم,,construction/construction/doctype/modern_theme_settings/modern_theme_settings.json:None,Description of the 'Allow User Override' (Check) field in DocType 'Modern | Theme Settings',
App Title,عنوان التطبيق,,construction/construction/doctype/construction_theme/construction_theme.json:None,Label of the app_title (Data) field in DocType 'Construction Theme',
Appended after generated CSS - use for edge-case overrides,يضاف بعد CSS المولد - يستخدم لتجاوزات الحالات الخاصة,,construction/construction/doctype/construction_theme/construction_theme.json:None,Description of the 'Custom CSS Overrides' (Code) field in DocType | 'Construction Theme',
"Array of 5 hex colors for switcher thumbnail [""#1a3a1e"",""#4CAF50"",...]","مصفوفة من 5 ألوان بصيغة hex لمعاينة مبدل السمات [""#1a3a1e"",""#4CAF50"",...]",,construction/construction/doctype/construction_theme/construction_theme.json:None,Description of the 'Preview Palette' (JSON) field in DocType 'Construction | Theme',
Auto-calculated WCAG contrast (accent_primary vs surface_bg),تباين WCAG محسوب تلقائيا (accent_primary مقابل surface_bg),,construction/construction/doctype/construction_theme/construction_theme.json:None,Description of the 'Contrast Ratio' (Float) field in DocType 'Construction | Theme',
Auto-computed if empty,يحسب تلقائيا إذا كان فارغا,,construction/construction/doctype/construction_theme/construction_theme.json:None,Description of the 'Primary Button Hover Background' (Color) field in | DocType 'Construction Theme' | Description of the 'Secondary Button Hover Background' (Color) field in,
BOQ Header,رأس جدول الكميات,,construction/config/workspace_sidebar_items.json:None; construction/construction/doctype/boq_header/boq_header.json:None; construction/construction/doctype/boq_item/boq_item.json:None; construction/construction/doctype/boq_structure/boq_structure.json:None; construction/construction/doctype/boq_structure/boq_structure_tree.js:154; construction/fixtures/workspace_sidebar-construction.json:None; construction/public/js/boq_structure_tree.js:20,Label of a Workspace Sidebar Item | Name of a DocType | Label of the boq_header (Link) field in DocType 'BOQ Item' | Label of the boq_header (Link) field in DocType 'BOQ Structure',
BOQ Item,بند جدول الكميات,,construction/config/workspace_sidebar_items.json:None; construction/construction/doctype/boq_item/boq_item.json:None; construction/fixtures/workspace_sidebar-construction.json:None,Label of a Workspace Sidebar Item | Name of a DocType,
BOQ Item can only be linked to leaf nodes (is_group=0).,يمكن ربط بند جدول الكميات بالعقد النهائية فقط (is_group=0).,,construction/construction/doctype/boq_item/boq_item.py:54,,
BOQ Items,بنود جدول الكميات,,construction/construction/doctype/boq_structure/boq_structure_tree.js:163,,
BOQ Management,إدارة جدول الكميات,,construction/config/workspace_sidebar_items.json:None,Label of a Workspace Sidebar Item,
BOQ PDF exported,تم تصدير PDF لجدول الكميات,,construction/construction/doctype/boq_structure/boq_structure_tree.js:207,,
BOQ Structure,هيكل جدول الكميات,,construction/config/workspace_sidebar_items.json:None; construction/construction/doctype/boq_structure/boq_structure.json:None; construction/fixtures/workspace_sidebar-construction.json:None; construction/public/js/boq_structure_tree.js:6,Label of a Workspace Sidebar Item | Name of a DocType,
BOQ Structure Tree,شجرة هيكل جدول الكميات,,construction/construction/doctype/boq_structure/boq_structure.js:25,,
BOQ Type,نوع جدول الكميات,,construction/construction/doctype/boq_header/boq_header.json:None,Label of the boq_type (Select) field in DocType 'BOQ Header',
BOQ exported,تم تصدير جدول الكميات,,construction/construction/doctype/boq_structure/boq_structure_tree.js:184,,
Background Image,صورة الخلفية,,construction/construction/doctype/construction_theme/construction_theme.json:None,Option for the 'Login Page Background Type' (Select) field in DocType | 'Construction Theme',
Base Productivity,الإنتاجية الأساسية,,construction/construction/doctype/costitem/cost_item.json:None,Label of the base_productivity (Float) field in DocType 'CostItem',
Block theme save if WCAG AA contrast ratio is not met,منع حفظ السمة إذا لم تتحقق نسبة تباين WCAG AA,,construction/construction/doctype/modern_theme_settings/modern_theme_settings.json:None,Description of the 'Enforce Contrast Check' (Check) field in DocType 'Modern | Theme Settings',
Body Background,خلفية الصفحة,,construction/construction/doctype/construction_theme/construction_theme.json:None,Label of the body_bg (Color) field in DocType 'Construction Theme',
Border Color,لون الحدود,,construction/construction/doctype/construction_theme/construction_theme.json:None,Label of the border_color (Color) field in DocType 'Construction Theme',
"Branch '{0}' belongs to Company '{1}', not '{2}'.",الفرع '{0}' تابع للشركة '{1}' وليس '{2}'.,,construction/overrides/scope_enforcement.py:20,,
Branch (legacy — use Cost Center),الفرع (قديم - استخدم مركز التكلفة),,construction/construction/doctype/user_scope_context/user_scope_context.json:None,Label of the branch (Link) field in DocType 'User Scope Context',
Branding,الهوية البصرية,,construction/construction/doctype/construction_theme/construction_theme.json:None,Label of the branding_section (Section Break) field in DocType 'Construction | Theme',
Buttons,الأزرار,,construction/construction/doctype/construction_theme/construction_theme.json:None,Label of the buttons_tab (Tab Break) field in DocType 'Construction Theme',
CSS Cache TTL (seconds),مدة صلاحية ذاكرة CSS المؤقتة (ثوان),,construction/construction/doctype/modern_theme_settings/modern_theme_settings.json:None,Label of the css_cache_ttl (Int) field in DocType 'Modern Theme Settings',
Calculated Sell Price,سعر البيع المحسوب,,construction/construction/doctype/boq_item/boq_item.json:None,Label of the calculated_sell_price (Currency) field in DocType 'BOQ Item',
Cannot convert to leaf: node has child nodes.,لا يمكن التحويل إلى عقدة نهائية: تحتوي العقدة على عقد فرعية.,,construction/construction/doctype/boq_structure/boq_structure.py:66,,
Cannot modify BOQ Item: BOQ is Frozen.,لا يمكن تعديل بند جدول الكميات: جدول الكميات مجمد.,,construction/construction/doctype/boq_item/boq_item.py:67,,
Cannot modify BOQ Item: BOQ is Locked.,لا يمكن تعديل بند جدول الكميات: جدول الكميات مقفل.,,construction/construction/doctype/boq_item/boq_item.py:65,,
Cannot modify BOQ Structure: BOQ is {0}.,لا يمكن تعديل هيكل جدول الكميات: حالة جدول الكميات {0}.,,construction/construction/doctype/boq_structure/boq_structure.py:61,,
Cannot modify field '{0}': BOQ is in Pricing status. Only pricing-related fields can be edited.,لا يمكن تعديل الحقل '{0}': جدول الكميات في حالة التسعير. يمكن تعديل الحقول المرتبطة بالتسعير فقط.,,construction/construction/doctype/boq_item/boq_item.py:93,,
"Cards, modals, popover backgrounds",خلفيات البطاقات والنوافذ واللوحات المنبثقة,,construction/construction/doctype/construction_theme/construction_theme.json:None,Description of the 'Surface Background' (Color) field in DocType | 'Construction Theme',
Category,الفئة,,construction/construction/doctype/costitem/cost_item.json:None,Label of the category (Link) field in DocType 'CostItem',
Choose a BOQ to view its structure...,اختر جدول كميات لعرض هيكله...,,construction/construction/doctype/boq_structure/boq_structure_tree.js:17,,
Client ID,معرف العميل,,construction/construction/doctype/user_scope_context/user_scope_context.json:None,Label of the client_id (Data) field in DocType 'User Scope Context',
Close,إغلاق,,construction/construction/doctype/construction_theme/construction_theme.js:163,,
Color Scheme,نظام الألوان,,construction/construction/doctype/construction_theme/construction_theme.json:None,Label of the color_scheme (Select) field in DocType 'Construction Theme',
Company,الشركة,,construction/construction/doctype/user_scope_context/user_scope_context.json:None; construction/public/js/scope_context_ui.js:154,Label of the company (Link) field in DocType 'User Scope Context',
Company is mandatory for Scope Context.,الشركة إلزامية لسياق النطاق.,,construction/api/scope_context_api.py:157,,
Computed field '{0}' must be non-negative. Got: {1},يجب ألا يكون الحقل المحسوب '{0}' سالبا. القيمة: {1},,construction/construction/doctype/boq_item/boq_item.py:171,,
Confirm,تأكيد,,construction/public/js/scope_context_ui.js:163,,
Construction,المقاولات,,construction/config/workspace_sidebar_items.json:None; construction/fixtures/workspace_sidebar-construction.json:None; construction/workspace/construction/construction.json:None,Title of a Workspace Sidebar | Name of a Workspace,
Construction Dark,مقاولات داكن,,construction/construction/doctype/construction_theme/construction_theme.json:None; construction/fixtures/construction_theme.json:None,Option for the 'Theme Type' (Select) field in DocType 'Construction Theme' | Value of theme_type in Construction Theme fixture | Value of theme_name in Construction Theme fixture,
Construction Light,مقاولات فاتح,,construction/construction/doctype/construction_theme/construction_theme.json:None; construction/fixtures/construction_theme.json:None,Option for the 'Theme Type' (Select) field in DocType 'Construction Theme' | Value of theme_type in Construction Theme fixture | Value of theme_name in Construction Theme fixture,
Construction Owner,مالك المشروع,,construction/construction/doctype/boq_header/boq_header.json:None; construction/construction/doctype/boq_item/boq_item.json:None; construction/construction/doctype/boq_structure/boq_structure.json:None; construction/construction/doctype/costitem/cost_item.json:None,Name of a role,
Construction Settings,إعدادات المقاولات,,construction/config/workspace_sidebar_items.json:None; construction/construction/doctype/construction_settings/construction_settings.json:None,Label of a Workspace Sidebar Item | Name of a DocType,
Construction Theme,سمة المقاولات,,construction/config/workspace_sidebar_items.json:None; construction/construction/doctype/construction_theme/construction_theme.json:None,Label of a Workspace Sidebar Item | Name of a DocType,
Construction branded dark theme,سمة داكنة بهوية المقاولات,,construction/fixtures/construction_theme.json:None,Value of description in Construction Theme fixture,
Construction branded light theme,سمة فاتحة بهوية المقاولات,,construction/fixtures/construction_theme.json:None,Value of description in Construction Theme fixture,
Contingency,احتياطي,,construction/construction/doctype/boq_item/boq_item.json:None,Option for the 'Item Type' (Select) field in DocType 'BOQ Item',
Contract,عقد,,construction/construction/doctype/boq_header/boq_header.json:None,Option for the 'BOQ Type' (Select) field in DocType 'BOQ Header',
Contract Unit Price,سعر الوحدة التعاقدي,,construction/construction/doctype/boq_item/boq_item.json:None,Label of the contract_unit_price (Currency) field in DocType 'BOQ Item',
Contrast Ratio,نسبة التباين,,construction/construction/doctype/construction_theme/construction_theme.json:None,Label of the contrast_ratio (Float) field in DocType 'Construction Theme',
Convert to Group,تحويل إلى مجموعة,,construction/construction/doctype/boq_structure/boq_structure.js:83,,
Convert to Non-Group,تحويل إلى غير مجموعة,,construction/construction/doctype/boq_structure/boq_structure.js:79,,
Cost Center,مركز التكلفة,,construction/construction/doctype/user_scope_context/user_scope_context.json:None,Label of the cost_center (Link) field in DocType 'User Scope Context',
Cost Estimation,تقدير التكلفة,,construction/construction/doctype/boq_item/boq_item.json:None,Label of the sb_cost_estimation (Section Break) field in DocType 'BOQ Item',
Cost Item (Placeholder),بند تكلفة (مؤقت),,construction/construction/doctype/boq_item/boq_item.json:None,Label of the cost_item (Data) field in DocType 'BOQ Item',
Cost Item Code,كود بند التكلفة,,construction/construction/doctype/costitem/cost_item.json:None,Label of the cost_item_code (Data) field in DocType 'CostItem',
CostItem,بند تكلفة,,construction/construction/doctype/costitem/cost_item.json:None,Name of a DocType,
Create a new {0},إنشاء {0} جديد,,construction/public/js/overrides/ct_link_control.js:191,,
Custom CSS Overrides,تجاوزات CSS مخصصة,,construction/construction/doctype/construction_theme/construction_theme.json:None,Label of the custom_css (Code) field in DocType 'Construction Theme',
Custom CSS contains blocked pattern: {0}. External resources and expressions are not allowed.,يحتوي CSS المخصص على نمط محظور: {0}. الموارد الخارجية والتعبيرات غير مسموحة.,,construction/construction/doctype/construction_theme/construction_theme.py:418,,
Custom CSS exceeds 10KB limit.,يتجاوز CSS المخصص حد 10 كيلوبايت.,,construction/construction/doctype/construction_theme/construction_theme.py:426,,
Custom Construction Theme for Dark mode,سمة مقاولات مخصصة للوضع الداكن,,construction/construction/doctype/user_desk_theme/user_desk_theme.json:None,Description of the 'Dark Theme' (Link) field in DocType 'User Desk Theme',
Custom Construction Theme for Light mode,سمة مقاولات مخصصة للوضع الفاتح,,construction/construction/doctype/user_desk_theme/user_desk_theme.json:None,Description of the 'Light Theme' (Link) field in DocType 'User Desk Theme',
Custom Dark,داكن مخصص,,construction/construction/doctype/construction_theme/construction_theme.json:None; construction/fixtures/construction_theme.json:None,Option for the 'Theme Type' (Select) field in DocType 'Construction Theme' | Value of theme_type in Construction Theme fixture,
Custom Light,فاتح مخصص,,construction/construction/doctype/construction_theme/construction_theme.json:None,Option for the 'Theme Type' (Select) field in DocType 'Construction Theme',
Danger Color,لون الخطر,,construction/construction/doctype/construction_theme/construction_theme.json:None,Label of the danger_color (Color) field in DocType 'Construction Theme',
Dark,داكن,,construction/fixtures/construction_theme.json:None,Value of theme_name in Construction Theme fixture,
Dark Theme,السمة الداكنة,,construction/construction/doctype/user_desk_theme/user_desk_theme.json:None,Label of the dark_theme (Link) field in DocType 'User Desk Theme',
Daywork,أعمال يومية,,construction/construction/doctype/boq_item/boq_item.json:None,Option for the 'Item Type' (Select) field in DocType 'BOQ Item',
Default,افتراضي,,construction/construction/doctype/construction_theme/construction_theme.json:None,Option for the 'Login Box Position' (Select) field in DocType 'Construction | Theme',
Default Construction Theme for Dark mode,سمة المقاولات الافتراضية للوضع الداكن,,construction/construction/doctype/modern_theme_settings/modern_theme_settings.json:None,Description of the 'Default Dark Theme' (Link) field in DocType 'Modern | Theme Settings',
Default Construction Theme for Light mode,سمة المقاولات الافتراضية للوضع الفاتح,,construction/construction/doctype/modern_theme_settings/modern_theme_settings.json:None,Description of the 'Default Light Theme' (Link) field in DocType 'Modern | Theme Settings',
Default Dark Theme,السمة الداكنة الافتراضية,,construction/construction/doctype/modern_theme_settings/modern_theme_settings.json:None,Label of the default_dark_theme (Link) field in DocType 'Modern Theme | Settings',
Default Light Theme,السمة الفاتحة الافتراضية,,construction/construction/doctype/modern_theme_settings/modern_theme_settings.json:None,Label of the default_light_theme (Link) field in DocType 'Modern Theme | Settings',
Default Wastage %,نسبة الهالك الافتراضية %,,construction/construction/doctype/costitem/cost_item.json:None,Label of the default_wastage_pct (Percent) field in DocType 'CostItem',
Department,القسم,,construction/construction/doctype/user_scope_context/user_scope_context.json:None,Label of the department (Link) field in DocType 'User Scope Context',
Deprecated,مهمل,,construction/construction/doctype/costitem/cost_item.json:None,Option for the 'Status' (Select) field in DocType 'CostItem',
Description,الوصف,,construction/construction/doctype/boq_structure/boq_structure.json:None; construction/construction/doctype/construction_theme/construction_theme.json:None; construction/construction/doctype/costitem/cost_item.json:None,Label of the description (Small Text) field in DocType 'BOQ Structure' | Label of the description_section (Section Break) field in DocType | 'Construction Theme' | Label of the description (Small Text) field in DocType 'Construction Theme' | Label of the description (Text) field in DocType 'CostItem',
Determines base styling and CSS generation,يحدد التنسيق الأساسي وتوليد CSS,,construction/construction/doctype/construction_theme/construction_theme.json:None,Description of the 'Theme Type' (Select) field in DocType 'Construction | Theme',
Disable Update Popup,تعطيل نافذة التحديث المنبثقة,,construction/construction/doctype/construction_theme/construction_theme.json:None,Label of the disable_update_popup (Check) field in DocType 'Construction | Theme',
Draft,مسودة,,construction/construction/doctype/boq_header/boq_header.json:None,Option for the 'Status' (Select) field in DocType 'BOQ Header',
Emoji Icon,أيقونة تعبيرية,,construction/construction/doctype/construction_theme/construction_theme.json:None,Label of the emoji_icon (Data) field in DocType 'Construction Theme',
Enable Scope Company,تمكين نطاق الشركة,,construction/construction/doctype/construction_settings/construction_settings.json:None,Label of the enable_scope_company (Check) field in DocType 'Construction | Settings',
Enable Scope Context,تمكين سياق النطاق,,construction/construction/doctype/construction_settings/construction_settings.json:None,Label of the enable_scope_context (Check) field in DocType 'Construction | Settings',
Enable Scope Cost Center,تمكين نطاق مركز التكلفة,,construction/construction/doctype/construction_settings/construction_settings.json:None,Label of the enable_scope_cost_center (Check) field in DocType 'Construction | Settings',
Enable Scope Department,تمكين نطاق القسم,,construction/construction/doctype/construction_settings/construction_settings.json:None,Label of the enable_scope_department (Check) field in DocType 'Construction | Settings',
Enable Scope Project,تمكين نطاق المشروع,,construction/construction/doctype/construction_settings/construction_settings.json:None,Label of the enable_scope_project (Check) field in DocType 'Construction | Settings',
Enable user scope context feature (Company/Branch/Project/Department filtering and form defaults),تمكين ميزة سياق نطاق المستخدم (تصفية الشركة/الفرع/المشروع/القسم والقيم الافتراضية للنماذج),,construction/construction/doctype/construction_settings/construction_settings.json:None,Description of the 'Enable Scope Context' (Check) field in DocType | 'Construction Settings',
Enforce Contrast Check,فرض فحص التباين,,construction/construction/doctype/modern_theme_settings/modern_theme_settings.json:None,Label of the enforce_contrast_check (Check) field in DocType 'Modern Theme | Settings',
Equipment Type,نوع المعدة,,construction/construction/doctype/plantresource/plant_resource.json:None,Label of the equipment_type (Data) field in DocType 'PlantResource',
Error Color,لون الخطأ,,construction/construction/doctype/construction_theme/construction_theme.json:None,Label of the error_color (Color) field in DocType 'Construction Theme',
Error generating preview: ,خطأ أثناء توليد المعاينة: ,,construction/construction/doctype/construction_theme/construction_theme.js:124,,
Estimated Line Total,إجمالي السطر المقدر,,construction/construction/doctype/boq_item/boq_item.json:None,Label of the est_line_total (Currency) field in DocType 'BOQ Item',
Estimated Unit Cost,تكلفة الوحدة المقدرة,,construction/construction/doctype/boq_item/boq_item.json:None,Label of the est_unit_cost (Currency) field in DocType 'BOQ Item',
Estimated Unit Price,سعر الوحدة المقدر,,construction/construction/doctype/boq_item/boq_item.json:None,Label of the est_unit_price (Currency) field in DocType 'BOQ Item',
Excel - Full BOQ,Excel - جدول كميات كامل,,construction/construction/doctype/boq_header/boq_header.js:254; construction/construction/doctype/boq_structure/boq_structure_tree.js:171,,
Excel - Header Only,Excel - الرأس فقط,,construction/construction/doctype/boq_header/boq_header.js:238,,
Export,تصدير,,construction/construction/doctype/boq_structure/boq_structure.js:48; construction/construction/doctype/boq_structure/boq_structure.js:64; construction/construction/doctype/boq_structure/boq_structure.js:72; construction/construction/doctype/boq_structure/boq_structure_tree.js:189; construction/construction/doctype/boq_structure/boq_structure_tree.js:214; construction/public/js/construction_export_menu.js:45,,
Export to Excel,تصدير إلى Excel,,construction/construction/doctype/boq_structure/boq_structure.js:36,,
Export to PDF,تصدير إلى PDF,,construction/construction/doctype/boq_structure/boq_structure.js:52,,
Factor,المعامل,,construction/construction/doctype/boq_item/boq_item.json:None,Label of the factor (Float) field in DocType 'BOQ Item',
Failed to generate theme preview,فشل توليد معاينة السمة,,construction/construction/doctype/construction_theme/construction_theme.js:128,,
Favicon,أيقونة الموقع,,construction/construction/doctype/construction_theme/construction_theme.json:None,Label of the favicon (Attach Image) field in DocType 'Construction Theme',
Feature toggle,مفتاح تفعيل الميزة,,construction/construction/doctype/construction_theme/construction_theme.json:None,Description of the 'Hide Like and Comment' (Check) field in DocType | 'Construction Theme' | Description of the 'Mobile Card View' (Check) field in DocType 'Construction | Theme' | Description of the 'Hide Help Button' (Check) field in DocType 'Construction | Description of the 'Hide Search Bar' (Check) field in DocType 'Construction | Description of the 'Hide Sidebar' (Check) field in DocType 'Construction,
Features,الميزات,,construction/construction/doctype/construction_theme/construction_theme.json:None,Label of the features_section (Section Break) field in DocType 'Construction | Theme',
Field '{0}' must be between 0 and 100. Got: {1},يجب أن يكون الحقل '{0}' بين 0 و100. القيمة: {1},,construction/construction/doctype/boq_item/boq_item.py:117,,
Field '{0}' must be non-negative. Got: {1},يجب ألا يكون الحقل '{0}' سالبا. القيمة: {1},,construction/construction/doctype/boq_item/boq_item.py:112,,
Footer,التذييل,,construction/construction/doctype/construction_theme/construction_theme.json:None,Label of the footer_tab (Tab Break) field in DocType 'Construction Theme',
Footer Background,خلفية التذييل,,construction/construction/doctype/construction_theme/construction_theme.json:None,Label of the footer_bg (Color) field in DocType 'Construction Theme',
Footer Text,نص التذييل,,construction/construction/doctype/construction_theme/construction_theme.json:None,Label of the footer_text (Color) field in DocType 'Construction Theme',
Frozen,مجمد,,construction/construction/doctype/boq_header/boq_header.json:None,Option for the 'Status' (Select) field in DocType 'BOQ Header',
General,عام,,construction/construction/doctype/construction_theme/construction_theme.json:None,Label of the general_tab (Tab Break) field in DocType 'Construction Theme',
Groups contain child nodes. Non-groups are leaf items for pricing.,تحتوي المجموعات على عقد فرعية. العناصر غير المجمعة هي بنود نهائية للتسعير.,,construction/construction/doctype/boq_structure/boq_structure_tree.js:45,,
Hide Help Button,إخفاء زر المساعدة,,construction/construction/doctype/construction_theme/construction_theme.json:None,Label of the hide_help_button (Check) field in DocType 'Construction Theme',
Hide Help Menu,إخفاء قائمة المساعدة,,construction/construction/doctype/construction_theme/construction_theme.json:None,Label of the hide_help_menu (Check) field in DocType 'Construction Theme',
Hide Like and Comment,إخفاء الإعجاب والتعليق,,construction/construction/doctype/construction_theme/construction_theme.json:None,Label of the hide_like_comment (Check) field in DocType 'Construction Theme',
Hide Search Bar,إخفاء شريط البحث,,construction/construction/doctype/construction_theme/construction_theme.json:None,Label of the hide_search_bar (Check) field in DocType 'Construction Theme',
Hide Sidebar,إخفاء الشريط الجانبي,,construction/construction/doctype/construction_theme/construction_theme.json:None,Label of the hide_sidebar (Check) field in DocType 'Construction Theme',
Home,الرئيسية,,construction/config/workspace_sidebar_items.json:None; construction/fixtures/workspace_sidebar-construction.json:None,Label of a Workspace Sidebar Item,
Hovered/pressed state - auto-calculated if blank,حالة المرور/الضغط - تحسب تلقائيا إذا كانت فارغة,,construction/construction/doctype/construction_theme/construction_theme.json:None,Description of the 'Accent Primary Hover' (Color) field in DocType | 'Construction Theme',
How long to cache generated CSS (default: 1 hour),مدة تخزين CSS المولد مؤقتا (الافتراضي: ساعة واحدة),,construction/construction/doctype/modern_theme_settings/modern_theme_settings.json:None,Description of the 'CSS Cache TTL (seconds)' (Int) field in DocType 'Modern | Theme Settings',
Identity and Linkage,التعريف والربط,,construction/construction/doctype/boq_item/boq_item.json:None,Label of the sb_identity (Section Break) field in DocType 'BOQ Item',
Import Excel,استيراد Excel,,construction/construction/doctype/boq_header/boq_header.js:374,,
Inactive themes are hidden from switcher,السمات غير النشطة مخفية من المبدل,,construction/construction/doctype/construction_theme/construction_theme.json:None,Description of the 'Is Active' (Check) field in DocType 'Construction Theme',
Information,معلومات,,construction/construction/doctype/modern_theme_settings/modern_theme_settings.json:None,Label of the notes_section (Section Break) field in DocType 'Modern Theme | Settings',
Inherit from Site,وراثة من الموقع,,construction/construction/doctype/user_desk_theme/user_desk_theme.json:None,Label of the inherit_from_site (Check) field in DocType 'User Desk Theme',
Input Background,خلفية الإدخال,,construction/construction/doctype/construction_theme/construction_theme.json:None,Label of the input_bg (Color) field in DocType 'Construction Theme',
Input Border,حدود الإدخال,,construction/construction/doctype/construction_theme/construction_theme.json:None,Label of the input_border (Color) field in DocType 'Construction Theme',
Input Fields,حقول الإدخال,,construction/construction/doctype/construction_theme/construction_theme.json:None,Label of the input_fields_tab (Tab Break) field in DocType 'Construction | Theme',
Input Label Color,لون تسمية الإدخال,,construction/construction/doctype/construction_theme/construction_theme.json:None,Label of the input_label_color (Color) field in DocType 'Construction Theme',
Input Text,نص الإدخال,,construction/construction/doctype/construction_theme/construction_theme.json:None,Label of the input_text (Color) field in DocType 'Construction Theme',
Invalid hex color format in field '{0}': {1},تنسيق لون hex غير صالح في الحقل '{0}': {1},,construction/construction/doctype/construction_theme/construction_theme.py:170,,
Is Active,نشط,,construction/construction/doctype/construction_theme/construction_theme.json:None,Label of the is_active (Check) field in DocType 'Construction Theme',
Is Default Dark Theme,السمة الداكنة الافتراضية,,construction/construction/doctype/construction_theme/construction_theme.json:None,Label of the is_default_dark (Check) field in DocType 'Construction Theme',
Is Default Light Theme,السمة الفاتحة الافتراضية,,construction/construction/doctype/construction_theme/construction_theme.json:None,Label of the is_default_light (Check) field in DocType 'Construction Theme',
Is Group,مجموعة,,construction/construction/doctype/boq_structure/boq_structure.json:None; construction/construction/doctype/boq_structure/boq_structure_tree.js:44,Label of the is_group (Check) field in DocType 'BOQ Structure',
Is Group (Section),مجموعة (قسم),,construction/public/js/boq_structure_tree.js:45,,
Is System Theme,سمة نظام,,construction/construction/doctype/construction_theme/construction_theme.json:None,Label of the is_system_theme (Check) field in DocType 'Construction Theme',
Item Type,نوع البند,,construction/construction/doctype/boq_item/boq_item.json:None,Label of the item_type (Select) field in DocType 'BOQ Item',
Last Active At,آخر نشاط في,,construction/construction/doctype/user_scope_context/user_scope_context.json:None,Label of the last_active_at (Datetime) field in DocType 'User Scope Context',
Left,يسار,,construction/construction/doctype/construction_theme/construction_theme.json:None,Option for the 'Login Box Position' (Select) field in DocType 'Construction | Theme',
Light,فاتح,,construction/fixtures/construction_theme.json:None,Value of theme_name in Construction Theme fixture,
Light Theme,السمة الفاتحة,,construction/construction/doctype/user_desk_theme/user_desk_theme.json:None,Label of the light_theme (Link) field in DocType 'User Desk Theme',
Line Total,إجمالي السطر,,construction/construction/doctype/boq_item/boq_item.json:None,Label of the line_total (Currency) field in DocType 'BOQ Item',
Live Preview,معاينة مباشرة,,construction/construction/doctype/construction_theme/construction_theme.js:424,,
Loading...,جار التحميل...,,construction/public/js/overrides/ct_link_control.js:118,,
Locked,مقفل,,construction/construction/doctype/boq_header/boq_header.json:None,Option for the 'Status' (Select) field in DocType 'BOQ Header',
Locked By,مقفل بواسطة,,construction/construction/doctype/boq_header/boq_header.json:None,Label of the locked_by (Link) field in DocType 'BOQ Header',
Locked Date,تاريخ القفل,,construction/construction/doctype/boq_header/boq_header.json:None,Label of the locked_date (Datetime) field in DocType 'BOQ Header',
Login Box Position,موضع مربع تسجيل الدخول,,construction/construction/doctype/construction_theme/construction_theme.json:None,Label of the login_box_position (Select) field in DocType 'Construction | Theme',
Login Button Background,خلفية زر تسجيل الدخول,,construction/construction/doctype/construction_theme/construction_theme.json:None,Label of the login_btn_bg (Color) field in DocType 'Construction Theme',
Login Button Hover Background,خلفية زر تسجيل الدخول عند المرور,,construction/construction/doctype/construction_theme/construction_theme.json:None,Label of the login_btn_hover_bg (Color) field in DocType 'Construction | Theme',
Login Button Hover Text,نص زر تسجيل الدخول عند المرور,,construction/construction/doctype/construction_theme/construction_theme.json:None,Label of the login_btn_hover_text (Color) field in DocType 'Construction | Theme',
Login Button Text,نص زر تسجيل الدخول,,construction/construction/doctype/construction_theme/construction_theme.json:None,Label of the login_btn_text (Color) field in DocType 'Construction Theme',
Login Heading Text Color,لون عنوان تسجيل الدخول,,construction/construction/doctype/construction_theme/construction_theme.json:None,Label of the login_heading_text_color (Color) field in DocType 'Construction | Theme',
Login Logo Inside Box,شعار تسجيل الدخول داخل المربع,,construction/construction/doctype/construction_theme/construction_theme.json:None,Label of the login_logo_inside_box (Check) field in DocType 'Construction | Theme',
Login Page,صفحة تسجيل الدخول,,construction/construction/doctype/construction_theme/construction_theme.json:None,Label of the login_page_tab (Tab Break) field in DocType 'Construction | Theme',
Login Page Background Color,لون خلفية صفحة تسجيل الدخول,,construction/construction/doctype/construction_theme/construction_theme.json:None,Label of the login_page_bg_color (Color) field in DocType 'Construction | Theme',
Login Page Background Color is required when Login Page Background Type is set to 'Solid Color'.,لون خلفية صفحة تسجيل الدخول مطلوب عندما يكون نوع الخلفية 'لون ثابت'.,,construction/construction/doctype/construction_theme/construction_theme.py:218,,
Login Page Background Image,صورة خلفية صفحة تسجيل الدخول,,construction/construction/doctype/construction_theme/construction_theme.json:None,Label of the login_page_bg_image (Attach Image) field in DocType | 'Construction Theme',
Login Page Background Image is required when Login Page Background Type is set to 'Background Image'.,صورة خلفية صفحة تسجيل الدخول مطلوبة عندما يكون نوع الخلفية 'صورة خلفية'.,,construction/construction/doctype/construction_theme/construction_theme.py:211,,
Login Page Background Image was set to public. Private files cannot be accessed on the login page.,تم جعل صورة خلفية صفحة تسجيل الدخول عامة. لا يمكن الوصول إلى الملفات الخاصة في صفحة تسجيل الدخول.,,construction/construction/doctype/construction_theme/construction_theme.py:251,,
Login Page Background Type,نوع خلفية صفحة تسجيل الدخول,,construction/construction/doctype/construction_theme/construction_theme.json:None,Label of the login_page_bg_type (Select) field in DocType 'Construction | Theme',
Login Page Title,عنوان صفحة تسجيل الدخول,,construction/construction/doctype/construction_theme/construction_theme.json:None,Label of the login_page_title (Data) field in DocType 'Construction Theme',
Login Page Title must not exceed 30 characters. Current length: {0},يجب ألا يتجاوز عنوان صفحة تسجيل الدخول 30 حرفا. الطول الحالي: {0},,construction/construction/doctype/construction_theme/construction_theme.py:228,,
Login Tab Background Color,لون خلفية تبويب تسجيل الدخول,,construction/construction/doctype/construction_theme/construction_theme.json:None,Label of the login_tab_bg_color (Color) field in DocType 'Construction | Theme',
Logo URL,رابط الشعار,,construction/construction/doctype/construction_theme/construction_theme.json:None,Label of the logo_url (Attach Image) field in DocType 'Construction Theme',
"Main brand color (buttons, indicators)",لون الهوية الرئيسي (الأزرار والمؤشرات),,construction/construction/doctype/construction_theme/construction_theme.json:None,Description of the 'Accent Primary' (Color) field in DocType 'Construction | Theme',
Max 30 characters,30 حرفا كحد أقصى,,construction/construction/doctype/construction_theme/construction_theme.json:None,Description of the 'Login Page Title' (Data) field in DocType 'Construction | Theme',
Maximum number of themes shown in theme switcher dropdown,الحد الأقصى لعدد السمات المعروضة في قائمة مبدل السمات,,construction/construction/doctype/modern_theme_settings/modern_theme_settings.json:None,Description of the 'Theme Switcher Limit' (Int) field in DocType 'Modern | Theme Settings',
Measured Work,أعمال مقاسة,,construction/construction/doctype/boq_item/boq_item.json:None,Option for the 'Item Type' (Select) field in DocType 'BOQ Item',
Mobile Card View,عرض البطاقات للجوال,,construction/construction/doctype/construction_theme/construction_theme.json:None,Label of the mobile_card_view (Check) field in DocType 'Construction Theme',
Mobilization Cost,تكلفة التجهيز,,construction/construction/doctype/plantresource/plant_resource.json:None,Label of the mobilization_cost (Currency) field in DocType 'PlantResource',
Modern Theme Settings,إعدادات السمة الحديثة,,construction/config/workspace_sidebar_items.json:None; construction/construction/doctype/modern_theme_settings/modern_theme_settings.json:None,Label of a Workspace Sidebar Item | Name of a DocType,
Modern Theme Settings saved successfully,تم حفظ إعدادات السمة الحديثة بنجاح,,construction/api/theme_api.py:389,,
"Muted text, descriptions",النصوص والأوصاف الثانوية,,construction/construction/doctype/construction_theme/construction_theme.json:None,Description of the 'Text Secondary' (Color) field in DocType 'Construction | Theme',
Navbar,شريط التنقل,,construction/construction/doctype/construction_theme/construction_theme.json:None,Label of the navbar_tab (Tab Break) field in DocType 'Construction Theme',
Navbar Background,خلفية شريط التنقل,,construction/construction/doctype/construction_theme/construction_theme.json:None,Label of the navbar_bg (Color) field in DocType 'Construction Theme',
Navbar Text Color,لون نص شريط التنقل,,construction/construction/doctype/construction_theme/construction_theme.json:None,Label of the navbar_text_color (Color) field in DocType 'Construction Theme',
No companies assigned. Contact your administrator.,لا توجد شركات مسندة. تواصل مع مدير النظام.,,construction/public/js/scope_context_ui.js:137,,
No options available,لا توجد خيارات متاحة,,construction/public/js/overrides/ct_link_control.js:122,,
No results,لا توجد نتائج,,construction/public/js/overrides/ct_link_control.js:201; construction/public/js/overrides/ct_select_control.js:138,,
None,لا شيء,,construction/public/js/overrides/ct_link_control.js:139,,
Not authorized,غير مصرح,,construction/api/scope_context_api.py:312,,
Not authorized: Company '{0}',غير مصرح: الشركة '{0}',,construction/api/scope_context_api.py:133,,
Not authorized: Cost Center '{0}',غير مصرح: مركز التكلفة '{0}',,construction/api/scope_context_api.py:135,,
Not authorized: Department '{0}',غير مصرح: القسم '{0}',,construction/api/scope_context_api.py:139,,
Not authorized: Project '{0}',غير مصرح: المشروع '{0}',,construction/api/scope_context_api.py:137,,
Not permitted,غير مسموح,,construction/api/theme_api.py:343; construction/api/theme_api.py:376,,
Not permitted to create {0},غير مسموح بإنشاء {0},,construction/api/scope_context_api.py:297,,
Not permitted to delete this document,غير مسموح بحذف هذا المستند,,construction/api/modern_form_api.py:215,,
Not permitted to update this document,غير مسموح بتحديث هذا المستند,,construction/api/modern_form_api.py:171,,
Note: This is a Group node. BOQ Items are not created for groups.,ملاحظة: هذه عقدة مجموعة. لا يتم إنشاء بنود جدول كميات للمجموعات.,,construction/construction/doctype/boq_structure/boq_structure.js:17,,
Notes,ملاحظات,,construction/construction/doctype/modern_theme_settings/modern_theme_settings.json:None,Label of the notes (Text) field in DocType 'Modern Theme Settings',
Number Card Background,خلفية بطاقة الرقم,,construction/construction/doctype/construction_theme/construction_theme.json:None,Label of the number_card_bg (Color) field in DocType 'Construction Theme',
Number Card Border,حدود بطاقة الرقم,,construction/construction/doctype/construction_theme/construction_theme.json:None,Label of the number_card_border (Color) field in DocType 'Construction | Theme',
Number Card Text,نص بطاقة الرقم,,construction/construction/doctype/construction_theme/construction_theme.json:None,Label of the number_card_text (Color) field in DocType 'Construction Theme',
Only one theme can be the default dark theme. '{0}' is already set as default.,يمكن تعيين سمة واحدة فقط كسمة داكنة افتراضية. '{0}' معينة بالفعل كافتراضية.,,construction/construction/doctype/construction_theme/construction_theme.py:94,,
Only one theme can be the default light theme. '{0}' is already set as default.,يمكن تعيين سمة واحدة فقط كسمة فاتحة افتراضية. '{0}' معينة بالفعل كافتراضية.,,construction/construction/doctype/construction_theme/construction_theme.py:83,,
Open,مفتوح,,construction/public/js/boq_structure_tree.js:118,,
Operating Cost/Hour,تكلفة التشغيل/ساعة,,construction/construction/doctype/plantresource/plant_resource.json:None,Label of the operating_cost_hourly (Currency) field in DocType | 'PlantResource',
"Output per day (e.g., 10 m2/day)",الإنتاج اليومي (مثال: 10 م2/يوم),,construction/construction/doctype/costitem/cost_item.json:None,Description of the 'Base Productivity' (Float) field in DocType 'CostItem',
Overhead %,نسبة المصاريف غير المباشرة %,,construction/construction/doctype/boq_item/boq_item.json:None,Label of the overhead_pct (Percent) field in DocType 'BOQ Item',
Overhead Amount,قيمة المصاريف غير المباشرة,,construction/construction/doctype/boq_item/boq_item.json:None,Label of the overhead_amount (Currency) field in DocType 'BOQ Item',
Owner File Ref,مرجع ملف المالك,,construction/construction/doctype/boq_item/boq_item.json:None; construction/construction/doctype/boq_structure/boq_structure.json:None,Label of the owner_file_ref (Data) field in DocType 'BOQ Item' | Label of the owner_file_ref (Data) field in DocType 'BOQ Structure',
Owner Page,صفحة المالك,,construction/construction/doctype/boq_item/boq_item.json:None; construction/construction/doctype/boq_structure/boq_structure.json:None,Label of the owner_page (Data) field in DocType 'BOQ Item' | Label of the owner_page (Data) field in DocType 'BOQ Structure',
Owner Ref No,رقم مرجع المالك,,construction/construction/doctype/boq_item/boq_item.json:None; construction/construction/doctype/boq_structure/boq_structure.json:None,Label of the owner_ref_no (Data) field in DocType 'BOQ Item' | Label of the owner_ref_no (Data) field in DocType 'BOQ Structure',
Owner Reference,مرجع المالك,,construction/construction/doctype/boq_structure/boq_structure.json:None,Label of the sb_owner (Section Break) field in DocType 'BOQ Structure',
Ownership Cost/Hour,تكلفة الملكية/ساعة,,construction/construction/doctype/plantresource/plant_resource.json:None,Label of the ownership_cost_hourly (Currency) field in DocType | 'PlantResource',
PDF - Full BOQ,PDF - جدول كميات كامل,,construction/construction/doctype/boq_header/boq_header.js:287; construction/construction/doctype/boq_structure/boq_structure_tree.js:193,,
PDF - Header Only,PDF - الرأس فقط,,construction/construction/doctype/boq_header/boq_header.js:270,,
Parent Structure,الهيكل الأصل,,construction/construction/doctype/boq_structure/boq_structure.json:None,Label of the parent_structure (Link) field in DocType 'BOQ Structure',
Pending Review,قيد المراجعة,,construction/construction/doctype/costitem/cost_item.json:None,Option for the 'Status' (Select) field in DocType 'CostItem',
PlantResource,مورد معدات,,construction/construction/doctype/plantresource/plant_resource.json:None,Name of a DocType,
Please select a BOQ Header first.,يرجى اختيار رأس جدول الكميات أولا.,,construction/construction/doctype/boq_structure/boq_structure_tree.js:175; construction/construction/doctype/boq_structure/boq_structure_tree.js:197,,
Preview,معاينة,,construction/construction/doctype/construction_theme/construction_theme.json:None,Label of the preview_tab (Tab Break) field in DocType 'Construction Theme',
Preview Palette,لوحة المعاينة,,construction/construction/doctype/construction_theme/construction_theme.json:None,Label of the preview_colors (JSON) field in DocType 'Construction Theme',
Preview Theme,معاينة السمة,,construction/construction/doctype/construction_theme/construction_theme.js:8,,
Preview shows approximate rendering. Save and apply theme to see full effect.,تعرض المعاينة شكلا تقريبيا. احفظ وطبق السمة لرؤية التأثير الكامل.,,construction/construction/doctype/construction_theme/construction_theme.js:156,,
Pricing,تسعير,,construction/construction/doctype/boq_header/boq_header.json:None,Option for the 'Status' (Select) field in DocType 'BOQ Header',
Primary Button Background,خلفية الزر الأساسي,,construction/construction/doctype/construction_theme/construction_theme.json:None,Label of the primary_btn_bg (Color) field in DocType 'Construction Theme',
Primary Button Hover Background,خلفية الزر الأساسي عند المرور,,construction/construction/doctype/construction_theme/construction_theme.json:None,Label of the primary_btn_hover_bg (Color) field in DocType 'Construction | Theme',
Primary Button Hover Text,نص الزر الأساسي عند المرور,,construction/construction/doctype/construction_theme/construction_theme.json:None,Label of the primary_btn_hover_text (Color) field in DocType 'Construction | Theme',
Primary Button Text,نص الزر الأساسي,,construction/construction/doctype/construction_theme/construction_theme.json:None,Label of the primary_btn_text (Color) field in DocType 'Construction Theme',
Primary Color,اللون الأساسي,,construction/construction/doctype/construction_theme/construction_theme.json:None,Label of the primary_color (Color) field in DocType 'Construction Theme',
Prime Cost,تكلفة أولية,,construction/construction/doctype/boq_item/boq_item.json:None,Option for the 'Item Type' (Select) field in DocType 'BOQ Item',
Print,طباعة,,construction/construction/doctype/boq_structure/boq_structure.js:68,,
Print - Full BOQ,طباعة - جدول كميات كامل,,construction/construction/doctype/boq_header/boq_header.js:311,,
Print - Header Only,طباعة - الرأس فقط,,construction/construction/doctype/boq_header/boq_header.js:303,,
Profit %,نسبة الربح %,,construction/construction/doctype/boq_item/boq_item.json:None,Label of the profit_pct (Percent) field in DocType 'BOQ Item',
Profit Amount,قيمة الربح,,construction/construction/doctype/boq_item/boq_item.json:None,Label of the profit_amount (Currency) field in DocType 'BOQ Item',
Project,المشروع,,construction/construction/doctype/boq_header/boq_header.json:None; construction/construction/doctype/boq_structure/boq_structure.json:None; construction/construction/doctype/boq_structure/boq_structure_tree.js:10; construction/construction/doctype/user_scope_context/user_scope_context.json:None; construction/public/js/boq_structure_tree.js:14,Label of the project (Link) field in DocType 'BOQ Header' | Label of the project (Data) field in DocType 'BOQ Structure' | Label of the project (Link) field in DocType 'User Scope Context',
Project Manager,مدير المشروع,,construction/construction/doctype/boq_header/boq_header.json:None; construction/construction/doctype/boq_item/boq_item.json:None; construction/construction/doctype/boq_structure/boq_structure.json:None; construction/construction/doctype/costitem/cost_item.json:None,Name of a role,
Project Name,اسم المشروع,,construction/construction/doctype/boq_header/boq_header.json:None,Label of the project_name (Data) field in DocType 'BOQ Header',
Provisional Sum,مبلغ احتياطي,,construction/construction/doctype/boq_item/boq_item.json:None,Option for the 'Item Type' (Select) field in DocType 'BOQ Item',
Quantity,الكمية,,construction/construction/doctype/boq_item/boq_item.json:None,Label of the quantity (Float) field in DocType 'BOQ Item',
Quantity Certified,الكمية المعتمدة,,construction/construction/doctype/boq_item/boq_item.json:None,Label of the quantity_certified (Float) field in DocType 'BOQ Item',
Quantity Executed,الكمية المنفذة,,construction/construction/doctype/boq_item/boq_item.json:None,Label of the quantity_executed (Float) field in DocType 'BOQ Item',
Quantity and Pricing,الكمية والتسعير,,construction/construction/doctype/boq_item/boq_item.json:None,Label of the sb_quantity (Section Break) field in DocType 'BOQ Item',
Read-Only,للقراءة فقط,,construction/construction/doctype/boq_header/boq_header.json:None; construction/construction/doctype/boq_item/boq_item.json:None; construction/construction/doctype/boq_structure/boq_structure.json:None,Name of a role,
Resource Code,كود المورد,,construction/construction/doctype/plantresource/plant_resource.json:None,Label of the resource_code (Data) field in DocType 'PlantResource',
Right,يمين,,construction/construction/doctype/construction_theme/construction_theme.json:None,Option for the 'Login Box Position' (Select) field in DocType 'Construction | Theme',
Scope Context Settings Help,مساعدة إعدادات سياق النطاق,,construction/construction/doctype/construction_settings/construction_settings.json:None,Label of the scope_context_settings_help (HTML) field in DocType | 'Construction Settings',
Scope Dimensions,أبعاد النطاق,,construction/construction/doctype/construction_settings/construction_settings.json:None,Label of the scope_dimensions_section (Section Break) field in DocType | 'Construction Settings',
Scope Hierarchy,هيكل النطاق,,construction/construction/doctype/construction_settings/construction_settings.json:None,Label of the scope_hierarchy_ui (HTML) field in DocType 'Construction | Settings',
Scope Hierarchy Management,إدارة هيكل النطاق,,construction/construction/doctype/construction_settings/construction_settings.json:None,Label of the scope_hierarchy_section (Section Break) field in DocType | 'Construction Settings',
Scope Management,إدارة النطاق,,construction/config/workspace_sidebar_items.json:None,Label of a Workspace Sidebar Item,
Scope Version,إصدار النطاق,,construction/construction/doctype/user_scope_context/user_scope_context.json:None,Label of the scope_version (Int) field in DocType 'User Scope Context',
Scope filter disabled for {0},تم تعطيل عامل تصفية النطاق لـ {0},,construction/public/js/scope_context_list_filter.js:103,,
Scope filter enabled for {0},تم تمكين عامل تصفية النطاق لـ {0},,construction/public/js/scope_context_list_filter.js:110,,
Search…,بحث...,,construction/public/js/overrides/ct_link_control.js:92; construction/public/js/overrides/ct_select_control.js:86,,
Secondary Button Background,خلفية الزر الثانوي,,construction/construction/doctype/construction_theme/construction_theme.json:None,Label of the secondary_btn_bg (Color) field in DocType 'Construction Theme',
Secondary Button Hover Background,خلفية الزر الثانوي عند المرور,,construction/construction/doctype/construction_theme/construction_theme.json:None,Label of the secondary_btn_hover_bg (Color) field in DocType 'Construction | Theme',
Secondary Button Hover Text,نص الزر الثانوي عند المرور,,construction/construction/doctype/construction_theme/construction_theme.json:None,Label of the secondary_btn_hover_text (Color) field in DocType 'Construction | Theme',
Secondary Button Text,نص الزر الثانوي,,construction/construction/doctype/construction_theme/construction_theme.json:None,Label of the secondary_btn_text (Color) field in DocType 'Construction | Theme',
"Secondary actions, badges",الإجراءات والشارات الثانوية,,construction/construction/doctype/construction_theme/construction_theme.json:None,Description of the 'Accent Secondary' (Color) field in DocType 'Construction | Theme',
Select BOQ Header,اختر رأس جدول الكميات,,construction/construction/doctype/boq_structure/boq_structure_tree.js:16,,
Select Your Working Company,اختر شركة العمل,,construction/public/js/scope_context_ui.js:148,,
Select…,اختر...,,construction/public/js/overrides/ct_link_control.js:111; construction/public/js/overrides/ct_select_control.js:104; construction/public/js/overrides/ct_select_control.js:210,,
Semantic Colors,الألوان الدلالية,,construction/construction/doctype/construction_theme/construction_theme.json:None,Label of the semantic_colors_tab (Tab Break) field in DocType 'Construction | Theme',
Sidebar Background,خلفية الشريط الجانبي,,construction/construction/doctype/construction_theme/construction_theme.json:None,Label of the sidebar_bg (Color) field in DocType 'Construction Theme',
Single emoji displayed in theme switcher,رمز تعبيري واحد يظهر في مبدل السمات,,construction/construction/doctype/construction_theme/construction_theme.json:None,Description of the 'Emoji Icon' (Data) field in DocType 'Construction Theme',
Site Engineer,مهندس الموقع,,construction/construction/doctype/boq_header/boq_header.json:None; construction/construction/doctype/boq_item/boq_item.json:None; construction/construction/doctype/boq_structure/boq_structure.json:None,Name of a role,
Solid Color,لون ثابت,,construction/construction/doctype/construction_theme/construction_theme.json:None,Option for the 'Login Page Background Type' (Select) field in DocType | 'Construction Theme',
Standard Frappe Dark theme,سمة Frappe الداكنة القياسية,,construction/fixtures/construction_theme.json:None,Value of description in Construction Theme fixture,
Standard Frappe Light theme,سمة Frappe الفاتحة القياسية,,construction/fixtures/construction_theme.json:None,Value of description in Construction Theme fixture,
Status,الحالة,,construction/construction/doctype/boq_header/boq_header.json:None; construction/construction/doctype/costitem/cost_item.json:None,Label of the status (Select) field in DocType 'BOQ Header' | Label of the status (Select) field in DocType 'CostItem',
Status can only move forward: Draft → Pricing → Frozen → Locked.,يمكن للحالة التقدم فقط: مسودة -> تسعير -> مجمد -> مقفل.,,construction/construction/doctype/boq_header/boq_header.py:29,,
Structure,الهيكل,,construction/construction/doctype/boq_item/boq_item.json:None,Label of the structure (Link) field in DocType 'BOQ Item',
Subtle dividers - auto-calculated if blank,فواصل خفيفة - تحسب تلقائيا إذا كانت فارغة,,construction/construction/doctype/construction_theme/construction_theme.json:None,Description of the 'Border Color' (Color) field in DocType 'Construction | Theme',
Success Color,لون النجاح,,construction/construction/doctype/construction_theme/construction_theme.json:None,Label of the success_color (Color) field in DocType 'Construction Theme',
Surface Background,خلفية السطح,,construction/construction/doctype/construction_theme/construction_theme.json:None,Label of the surface_bg (Color) field in DocType 'Construction Theme',
System Manager,مدير النظام,,construction/construction/doctype/boq_header/boq_header.json:None; construction/construction/doctype/boq_item/boq_item.json:None; construction/construction/doctype/boq_structure/boq_structure.json:None; construction/construction/doctype/construction_settings/construction_settings.json:None; construction/construction/doctype/construction_theme/construction_theme.json:None; construction/construction/doctype/costitem/cost_item.json:None; construction/construction/doctype/modern_theme_settings/modern_theme_settings.json:None; construction/construction/doctype/plantresource/plant_resource.json:None; construction/construction/doctype/user_desk_theme/user_desk_theme.json:None; construction/construction/doctype/user_scope_context/user_scope_context.json:None,Name of a role,
System themes cannot be deleted. Deactivate them instead.,لا يمكن حذف سمات النظام. قم بإلغاء تنشيطها بدلا من ذلك.,,construction/construction/doctype/construction_theme/construction_theme.py:450,,
TBD,سيحدد لاحقا,,construction/construction/doctype/boq_item/boq_item.json:None,Option for the 'Item Type' (Select) field in DocType 'BOQ Item',
Table Body Background,خلفية جسم الجدول,,construction/construction/doctype/construction_theme/construction_theme.json:None,Label of the table_body_bg (Color) field in DocType 'Construction Theme',
Table Body Text,نص جسم الجدول,,construction/construction/doctype/construction_theme/construction_theme.json:None,Label of the table_body_text (Color) field in DocType 'Construction Theme',
Table Header Background,خلفية رأس الجدول,,construction/construction/doctype/construction_theme/construction_theme.json:None,Label of the table_header_bg (Color) field in DocType 'Construction Theme',
Table Header Text,نص رأس الجدول,,construction/construction/doctype/construction_theme/construction_theme.json:None,Label of the table_header_text (Color) field in DocType 'Construction Theme',
Table View,عرض الجدول,,construction/construction/doctype/boq_header/boq_header.js:222,,
Tables,الجداول,,construction/construction/doctype/construction_theme/construction_theme.json:None,Label of the tables_tab (Tab Break) field in DocType 'Construction Theme',
Tender,مناقصة,,construction/construction/doctype/boq_header/boq_header.json:None,Option for the 'BOQ Type' (Select) field in DocType 'BOQ Header',
Text Primary,النص الأساسي,,construction/construction/doctype/construction_theme/construction_theme.json:None,Label of the text_primary (Color) field in DocType 'Construction Theme',
Text Secondary,النص الثانوي,,construction/construction/doctype/construction_theme/construction_theme.json:None,Label of the text_secondary (Color) field in DocType 'Construction Theme',
The user these theme settings apply to,المستخدم الذي تنطبق عليه إعدادات السمة هذه,,construction/construction/doctype/user_desk_theme/user_desk_theme.json:None,Description of the 'User' (Link) field in DocType 'User Desk Theme',
Theme Configuration,تهيئة السمة,,construction/workspace/construction/construction.json:None,Label of a Link in the Construction Workspace | Label of a shortcut in the Construction Workspace,
Theme Name,اسم السمة,,construction/construction/doctype/construction_theme/construction_theme.json:None,Label of the theme_name (Data) field in DocType 'Construction Theme',
Theme Preview,معاينة السمة,,construction/construction/doctype/construction_theme/construction_theme.js:136,,
Theme Settings,إعدادات السمة,,construction/config/workspace_sidebar_items.json:None; construction/workspace/construction/construction.json:None,Label of a Workspace Sidebar Item | Label of a Card Break in the Construction Workspace | Label of a Link in the Construction Workspace | Label of a shortcut in the Construction Workspace,
Theme Switcher Limit,حد مبدل السمات,,construction/construction/doctype/modern_theme_settings/modern_theme_settings.json:None,Label of the theme_switcher_limit (Int) field in DocType 'Modern Theme | Settings',
Theme Type,نوع السمة,,construction/construction/doctype/construction_theme/construction_theme.json:None,Label of the theme_type (Select) field in DocType 'Construction Theme',
Theme settings saved successfully,تم حفظ إعدادات السمة بنجاح,,construction/api/theme_api.py:327,,
Title,العنوان,,construction/construction/doctype/boq_header/boq_header.json:None; construction/construction/doctype/boq_structure/boq_structure.json:None; construction/construction/doctype/boq_structure/boq_structure_tree.js:38; construction/construction/doctype/costitem/cost_item.json:None; construction/public/js/boq_structure_tree.js:39,Label of the title (Data) field in DocType 'BOQ Header' | Label of the title (Data) field in DocType 'BOQ Structure' | Label of the title (Data) field in DocType 'CostItem',
Toggle Scope Filter,تبديل عامل تصفية النطاق,,construction/public/js/scope_context_list_filter.js:94,,
Total Budgeted Cost,إجمالي التكلفة المدرجة بالموازنة,,construction/construction/doctype/boq_header/boq_header.json:None,Label of the total_budgeted_cost (Currency) field in DocType 'BOQ Header',
Total Contract Value,إجمالي قيمة العقد,,construction/construction/doctype/boq_header/boq_header.json:None,Label of the total_contract_value (Currency) field in DocType 'BOQ Header',
Total Direct Cost,إجمالي التكلفة المباشرة,,construction/construction/doctype/costitem/cost_item.json:None,Label of the total_direct_cost (Currency) field in DocType 'CostItem',
Total Estimated Value,إجمالي القيمة المقدرة,,construction/construction/doctype/boq_header/boq_header.json:None,Label of the total_estimated_value (Currency) field in DocType 'BOQ Header',
Tree View,عرض الشجرة,,construction/construction/doctype/boq_header/boq_header.js:212,,
True for the 4 Phase 1 themes - prevents deletion,صحيح لسمات المرحلة الأولى الأربع - يمنع الحذف,,construction/construction/doctype/construction_theme/construction_theme.json:None,Description of the 'Is System Theme' (Check) field in DocType 'Construction | Theme',
Unique identifier for this theme,معرف فريد لهذه السمة,,construction/construction/doctype/construction_theme/construction_theme.json:None,Description of the 'Theme Name' (Data) field in DocType 'Construction Theme',
Unit,الوحدة,,construction/construction/doctype/boq_item/boq_item.json:None; construction/construction/doctype/costitem/cost_item.json:None,Label of the unit (Link) field in DocType 'BOQ Item' | Label of the unit (Link) field in DocType 'CostItem',
Use site default themes instead of custom preferences,استخدام سمات الموقع الافتراضية بدلا من التفضيلات المخصصة,,construction/construction/doctype/user_desk_theme/user_desk_theme.json:None,Description of the 'Inherit from Site' (Check) field in DocType 'User Desk | Theme',
Used when user's system is in dark mode,يستخدم عندما يكون نظام المستخدم في الوضع الداكن,,construction/construction/doctype/construction_theme/construction_theme.json:None,Description of the 'Is Default Dark Theme' (Check) field in DocType | 'Construction Theme',
Used when user's system is in light mode,يستخدم عندما يكون نظام المستخدم في الوضع الفاتح,,construction/construction/doctype/construction_theme/construction_theme.json:None,Description of the 'Is Default Light Theme' (Check) field in DocType | 'Construction Theme',
User,المستخدم,,construction/construction/doctype/user_desk_theme/user_desk_theme.json:None; construction/construction/doctype/user_scope_context/user_scope_context.json:None,Label of the user (Link) field in DocType 'User Desk Theme' | Label of the user (Link) field in DocType 'User Scope Context',
User Desk Theme,سمة مكتب المستخدم,,construction/construction/doctype/user_desk_theme/user_desk_theme.json:None,Name of a DocType,
User Preferences,تفضيلات المستخدم,,construction/construction/doctype/modern_theme_settings/modern_theme_settings.json:None,Label of the section_break_1 (Section Break) field in DocType 'Modern Theme | Settings',
User Scope Context,سياق نطاق المستخدم,,construction/config/workspace_sidebar_items.json:None; construction/construction/doctype/user_scope_context/user_scope_context.json:None,Label of a Workspace Sidebar Item | Name of a DocType,
User theme overrides are not allowed by administrator,تجاوزات سمات المستخدم غير مسموحة من مدير النظام,,construction/api/theme_api.py:306,,
Variation,تغيير,,construction/construction/doctype/boq_header/boq_header.json:None,Option for the 'BOQ Type' (Select) field in DocType 'BOQ Header',
Version,الإصدار,,construction/construction/doctype/boq_header/boq_header.json:None,Label of the version (Int) field in DocType 'BOQ Header',
View,عرض,,construction/construction/doctype/boq_structure/boq_structure.js:31; construction/construction/doctype/boq_structure/boq_structure_tree.js:159; construction/construction/doctype/boq_structure/boq_structure_tree.js:167; construction/public/js/construction_export_menu.js:134,,
WBS Code,كود هيكل تقسيم العمل,,construction/construction/doctype/boq_structure/boq_structure.json:None,Label of the wbs_code (Data) field in DocType 'BOQ Structure',
Warning Color,لون التحذير,,construction/construction/doctype/construction_theme/construction_theme.json:None,Label of the warning_color (Color) field in DocType 'Construction Theme',
Warning: Contrast ratio is below WCAG AA (4.5:1),تحذير: نسبة التباين أقل من WCAG AA (4.5:1),,construction/construction/doctype/construction_theme/construction_theme.js:37,,
"Warning: The following color pairs have contrast ratios below WCAG AA standard (4.5:1):
{0}

Consider adjusting colors for better accessibility.","تحذير: أزواج الألوان التالية لها نسب تباين أقل من معيار WCAG AA (4.5:1):
{0}

يرجى تعديل الألوان لتحسين إمكانية الوصول.",,construction/construction/doctype/construction_theme/construction_theme.py:337,,
Widgets,الأدوات,,construction/construction/doctype/construction_theme/construction_theme.json:None,Label of the widgets_tab (Tab Break) field in DocType 'Construction Theme',
Will be converted to Link field when CostItem DocType is deployed,سيتم تحويله إلى حقل رابط عند نشر DocType بند التكلفة,,construction/construction/doctype/boq_item/boq_item.json:None,Description of the 'Cost Item (Placeholder)' (Data) field in DocType 'BOQ | Item',
[Future] Bidding and Tender,[مستقبلا] العطاءات والمناقصات,,construction/construction/doctype/boq_item/boq_item.json:None,Label of the sb_future_bidding (Section Break) field in DocType 'BOQ Item',
[Future] Cost Control,[مستقبلا] مراقبة التكاليف,,construction/construction/doctype/boq_item/boq_item.json:None,Label of the sb_future_cost_control (Section Break) field in DocType 'BOQ | Item',
[Future] Payment Certification,[مستقبلا] اعتماد الدفعات,,construction/construction/doctype/boq_item/boq_item.json:None,Label of the sb_future_payment (Section Break) field in DocType 'BOQ Item',
[Future] Progress Measurement,[مستقبلا] قياس التقدم,,construction/construction/doctype/boq_item/boq_item.json:None,Label of the sb_future_progress (Section Break) field in DocType 'BOQ Item',
dark,داكن,,construction/construction/doctype/construction_theme/construction_theme.json:None,Option for the 'Color Scheme' (Select) field in DocType 'Construction Theme',
lft,يسار,,construction/construction/doctype/boq_structure/boq_structure.json:None,Label of the lft (Int) field in DocType 'BOQ Structure',
light,فاتح,,construction/construction/doctype/construction_theme/construction_theme.json:None,Option for the 'Color Scheme' (Select) field in DocType 'Construction Theme',
old_parent,الأصل السابق,,construction/construction/doctype/boq_structure/boq_structure.json:None,Label of the old_parent (Link) field in DocType 'BOQ Structure',
rgt,يمين,,construction/construction/doctype/boq_structure/boq_structure.json:None,Label of the rgt (Int) field in DocType 'BOQ Structure',
{0} is required,{0} مطلوب,,construction/api/modern_form_api.py:254; construction/api/modern_form_api.py:404,,
{0} must be a number,يجب أن يكون {0} رقما,,construction/api/modern_form_api.py:262; construction/api/modern_form_api.py:412,,
{0} must be a valid date,يجب أن يكون {0} تاريخا صالحا,,construction/api/modern_form_api.py:266,,
{0} must be a valid email,يجب أن يكون {0} بريدا إلكترونيا صالحا,,construction/api/modern_form_api.py:270,,
